"","2021-05-18","2021-05-25","2021-06-01","2021-06-08","2021-06-15"
" 1 dollar items ","3932","3982","3753","3244","2989"
" 1 gallon water bottle with straw ","null","null","null","10813","10192"
" 11 pro max case ","null","51775","55987","54798","50001"
" 1 year old boy gifts ","4909","4763","5390","4766","4514"
" 1 year old girl gifts ","4732","4913","5239","4557","4134"
" 1/2 gallon water bottle ","null","17268","17664","17723","16770"
" 10 year old girl gifts ","null","null","56141","55259","52162"
" 100 ft garden hose ","16402","8063","7939","10441","8954"
" 1000 piece puzzle ","null","null","10441","6275","6190"
" 10000 btu window air conditioner ","null","null","null","51229","17892"
" 1080p webcam ","null","null","null","17419","13480"
" 10x10 pop up canopy ","7725","5511","5314","5051","4700"
" 21 birthday decorations for her ","51716","54751","52690","52846","52536"
" 21 jump street ","11126","12369","13724","12815","12720"
" 12 pro max iphone case ","null","null","8817","4282","3279"
" 12 volt power supply ","52171","null","53970","58159","54216"
" 2021 graduation party supplies ","null","null","null","4106","3572"
" 2021 planner ","10617","12086","13486","11568","6812"
" 2021-2022 planner weekly and monthly ","null","null","null","57851","17906"
" 21st birthday decorations ","6989","6744","6973","7156","6285"
" 21st birthday gifts for her ","10661","10413","10573","11647","10181"
" 12v battery ","14315","13051","13432","14193","13976"
" 3 in 1 charging station apple ","52772","52324","null","14123","11130"
" 15 pound dumbbells ","12476","15077","14001","13122","11907"
" 5.11 backpack ","null","54363","null","55813","51356"
" 16 gb ram ","50796","55678","57391","53225","51890"
" 16x20 frame ","9121","null","8635","6598",""
" 18 x 18 pillow inserts ","null","null","null","15920","14464"
" 8.5 x 11 frame ","16902","17040","null","16298","12289"
" 18650 battery ","4637","4968","4838","4644","4195"
" 8x10 picture frames ","null","null","null","17543","1837"
" 18x24 frame ","12326","13226","13467","14670","13684"
" 18x52 above ground pool ","null","15528","11749","16039","14517"
" a21 phone case ","null","55542","52247","54395","51097"
" academic planner 2021-2022 ","14495","13523","13474","12012","10825"
" ar15accesories ","18007","null","18453","18151",""
" arcade1up ","11701","12994","13220","13525","9343"
" area rugs 8x10 clearance ","null","15258","10457","5195","2534"
" b12 ","4944","5389","4883","4972","4668"
" b12 vitamins ","3727","4387","4327","4134","4065"
" baby hats 6-12 months ","null","null","null","56548","56039"
" baby toys 6 to 12 months ","3580","3244","3378","4142","3961"
" bath toys for toddlers 1-3 ","6721","6729","6822","7115","6682"
" beach toys for kids 3-10 ","14560","12080","10361","10199","9374"
" beach toys for kids 8-10 ","null","17167","14773","14605","13903"
" bibs pacifier 6-18 ","15918","17541","16058","15235","14987"
" bilstein 5100 ","50085","null","56022","53732",""
" biotin 10000mcg ","4864","5011","5970","5853","5406"
" board games for kids 8-12 ","null","null","16868","16702","15774"
" bollywood movies 2021 ","null","null","15392","10284","6640"
" books for 1 year old ","16021","16129","16274","15476","14301"
" brooks ghost 13 ","null","null","null","12976","11036"
" calendar 2021 monthly wall ","7963","7612","6994","6132","5808"
" canopy tent 10x10 ","4029","3189","2400","2511","2385"
" car toys for toddlers 1-3 ","null","null","null","57626","50372"
" case for iphone 11 ","null","8623","5165","5827","5113"
" case for iphone 12 ","12625","15729","15838","12747","11337"
" case for iphone 12 pro ","14703","18471","null","17655","17392"
" case for iphone 12 pro max ","2463","3047","3779","3010","2751"
" cheap stuff under 1 dollar ","11829","11954","11036","10413","9400"
" chlorine tablets 1 inch ","null","7258","4604","5174","3889"
" clear iphone 11 case ","11982","11304","11306","11856","10721"
" coenzyme q10 ","53066","null","55770","54425","50930"
" condoms 100 pack variety ","18020","17561","12134","12212","11638"
" coq10 ","3406","3499","3657","3351","3312"
" craft kits for kids 8-12 ","null","null","57307","57744","55246"
" crafts for kids ages 8-12 ","null","null","17663","13017","6981"
" curtain rods for windows 66 to 144 ","null","null","16441","4740","2199"
" cute iphone 11 case ","13287","14491","14090","12306","12219"
" daily planner 2021-2022 ","null","18176","13153","7473","6885"
" dell xps 15 ","14506","14807","16943","15614","13515"
" dresses for women summer 2021 ","null","6739","1204","343","277"
" dymatize iso 100 ","10509","10607","12118","11759","10844"
" farm animals for toddlers 1-3 ","51868","54885","null","56891","56191"
" fat brain toys for 1 year old ","null","null","null","56045","54880"
" fidget packs under 10 dollars ","3625","13558","5957","2129","1989"
" fidget packs with 100 fidget in them ","4692","4203","3642","2945","2505"
" fire stick 4k ultra hd 2021 ","null","null","null","18069","12476"
" galaxy s10 case ","6710","6028","6309","6831","5934"
" galaxy s21  case ","null","null","10460","4071","3415"
" galaxy s21 case ","1601","1645","2031","3820","3776"
" galaxy s21 ultra case ","5568","6474","5050","4551","3409"
" garbage bags 13 gallon tall kitchen ","null","null","null","10818","7911"
" gifts for 1 year old girl ","null","null","null","17249","16575"
" gifts for 10 year old girl ","13703","14459","16420","13341","12047"
" girls swimsuits size 10-12 ","null","null","null","17265","2799"
" glass screen protector iphone 11 ","null","null","null","58042","55483"
" glock 19 holster ","12379","13324","12020","12060","11482"
" gtx 1650 ","6983","6642","7586","7884","7570"
" gun case for ar - 15 ","null","null","null","14828","14313"
" hangers 100 pack ","5990","5360","5218","6019","5162"
" harry potter book 1 ","53152","null","54268","50884",""
" harry potter movies set 1-8 on prime video ","13219","14812","14400","8876","8358"
" hdmi 2.1 cable ","12687","11206","null","13656","13621"
" hearing aid batteries size 312 ","16170","17301","17913","18347","15322"
" hindi movies 2021 ","786","793","589","488","420"
" hoverboard for kids ages 6-12 ","3390","3676","3757","1844","966"
" huge pop it fidget toy 1000 bubbles ","null","null","null","57040","52815"
" huggies size 1 ","14123","13790","null","57269","55192"
" intex pool 15x48 ","15151","8653","7571","10712","7804"
" ipad 10.2 case ","9489","10289","11207","10724","10292"
" ipad pro 11 inch case ","3585","2648","1543","1585","1298"
" iphine12pro max case ","53906","null","51616","55143","51968"
" iphone 11 case otterbox ","6282","8224","null","7359","4734"
" iphone 11 cases for women ","null","null","17997","12202","10676"
" iphone 11 charger ","4428","4412","4116","4155","3772"
" iphone 11 glass screen protector ","6046","null","15984","9340",""
" iphone 11 pro case ","426","487","1059","971","911"
" iphone 11 pro max case for women ","null","54812","null","14007","3752"
" iphone 11 screen protector privacy glass ","null","null","null","17129","14214"
" iphone 11 wallet case ","6869","7556","7453","7917","7700"
" iphone 10 ","5965","6495","6962","5802","4431"
" iphone 10 case ","3807","4197","7048","7951","4246"
" iphone 10 screen protector ","null","null","null","57979","56138"
" iphone 12 case clear ","9250","14778","13326","10547","8967"
" iphone 12 case protective ","12793","14430","13129","8578","8011"
" iphone 12 case with card holder ","10647","12985","12581","10419","8388"
" iphone 12 cases ","8011","null","6755","6071","5529"
" iphone 12 charger ","1496","1949","1376","840","677"
" iphone 12 charger cable ","null","null","7909","8776","4329"
" iphone 12 glass screen protector ","10903","13505","9215","8048","3792"
" iphone 12 leather case ","null","null","55911","54339","53161"
" iphone 12 max pro case ","6012","7222","5471","4221","4027"
" iphone 12 mini ","4170","4823","4575","4670","4526"
" iphone 12 phone cases ","null","null","null","58118","11874"
" iphone 12 pro max ","32","65","72","72","41"
" iphone 12 pro max camera lens protector ","4816","6720","9281","10509","10217"
" iphone 12 pro max car mount ","54989","51259","51621","56837","51472"
" iphone 12 pro max case for men ","12658","13941","13591","7113","6138"
" iphone 12 pro max cases ","8353","15694","13998","13338","12010"
" iphone 12 pro max charger ","8929","10785","8854","7486","7082"
" iphone 12 pro max charging case ","53594","null","56283","58052","54962"
" iphone 12 pro max phone case ","134","48","165","86","61"
" iphone 12 pro max privacy screen protector ","16628","null","17043","14273",""
" iphone 12 pro max unlocked ","4289","5237","5086","5262","4560"
" iphone 12 wallet case ","9139","10569","11098","11287","11206"
" iphone charger 10 ft ","null","11796","4579","3434","2308"
" iphone pro max 12 case ","null","null","null","11557","8365"
" iphone12procase ","null","null","null","55890","53887"
" its a 10 ","12552","11460","12671","13192","12979"
" jordan 1 ","1147","1255","1287","1402","1371"
" jordan 12 ","null","null","53447","53325","50925"
" kindergarten cap and gown 2021 ","56336","null","13668","10412",""
" kitchen trash can 13 gallon ","null","null","12814","13218","12029"
" laptop sleeve 15.6 inch ","null","null","null","52107","51812"
" lego creator 3 in 1 ","56787","51666","null","55798","52450"
" legos 6-10 boys ","9325","null","10172","8959","8807"
" lg k51 phone case ","14293","14967","15448","13484","10395"
" lifeproof iphone 12 case ","null","52022","null","58354","53828"
" lol dolls for girls 6-12 ","10139","10829","12548","10360","10066"
" m&p 15-22 accessories ","null","null","57329","55830","52840"
" macbook air 13 inch case ","1901","1035","904","1091","887"
" macbook pro 13 inch case ","1369","1055","923","656","510"
" macbook pro 16 inch case ","17585","14538","14221","14027","12000"
" malayalam movies 2021 ","2248","1476","902","1053","961"
" mens flip flops size 11 ","null","null","15554","16162","11769"
" mens socks size 13-15 ","null","null","null","14063","10284"
" mens socks size 9-11 ","14415","13252","11847","5843","4259"
" mens water shoes 11 ","null","null","null","57699","50325"
" mockingjay part 1 ","null","null","null","58270","50573"
" montessori toys for 1 year old ","5630","5415","5465","4732","4456"
" montessori toys for babies 6-12 months ","null","null","17600","16928","16100"
" moto g stylus 2021 case ","4463","6291","5371","6834","6415"
" nike socks for men 9-12 ","5570","6972","6345","6465","5616"
" oneplus nord n10 5g case ","12311","16992","18427","17164","15988"
" otterbox iphone 11 ","null","null","7131","3847","3228"
" otterbox iphone 12 ","12490","15602","10817","6808","6591"
" otterbox iphone 12 pro max ","17444","null","8338","6140",""
" outdoor rugs 8x10 waterproof ","null","null","54704","9046","3093"
" oversized king comforter 120x120 ","null","null","null","54006","52270"
" pampers swaddlers size 1 ","6942","8143","8311","8521","6901"
" paper plates 10 inch bulk ","null","null","7759","8063","7548"
" phone case iphone 11 ","12694","13616","12667","5880","2769"
" phone case iphone 11 pro max ","null","null","null","18386","17375"
" phone case iphone 12 pro ","null","null","null","58135","53448"
" planner june 2021-2022 ","null","null","null","4146","1790"
" poly mailers 10x13 ","null","null","null","18270","16224"
" pool toys for kids 3-10 ","7759","4822","3613","3416","2839"
" pool toys for kids 8-12 ","10432","6883","5337","5059","4504"
" prime day 2021 ","null","null","null","58297","57676"
" prime day deals 2021 ","null","null","null","275","35"
" privacy screen protector 12 pro max ","17863","null","17848","18027","16478"
" punjabi movies 2021 ","null","null","null","57179","55986"
" raw cones 1 1/4 ","null","null","13234","13670","13583"
" readers for women 1.5 ","null","null","null","57081","56280"
" redmi note 10 ","14856","14895","15856","14922","12462"
" resmed airsense 10 supplies ","null","null","null","17960","16961"
" rugs 8x10 clearance prime ","null","null","null","12948","7608"
" s10 plus case ","13083","13534","13096","13037","12680"
" s21 5g case ","null","15942","13273","15829","10484"
" s21 case ","2479","3421","3791","4854","4697"
" s21 fe case ","null","null","null","52489","12187"
" s21 ultra case ","8465","8488","7987","6795","5972"
" s21 ultra screen protector ","12042","13268","13174","11838","11715"
" samsung galaxy s10  case ","null","null","null","56354","52353"
" samsung galaxy s10 case ","7781","7714","8083","6052","4459"
" samsung galaxy s21   case ","null","null","2543","836","621"
" samsung galaxy s21 case ","485","304","446","2969","2859"
" samsung galaxy s21 ultra ","null","null","15807","8820","6496"
" samsung galaxy s21 ultra case ","8388","5784","3841","2107","904"
" samsung note 10 plus case ","15724","15347","15502","16996","14733"
" samsung s10 case ","12644","12733","13913","17515","17049"
" samsung s21 case ","2300","3887","4471","6400","2322"
" screen protector iphone 11 ","2961","2812","3007","3253","3080"
" screen protector iphone 12 pro ","null","null","null","16370","7772"
" shorts for girls 10-12 ","null","53537","null","57714","54717"
" silicone iphone 11 case ","57738","null","54349","53478","52761"
" socks for men 9-12 ","null","16796","null","5348","4613"
" sony wh-1000xm4 ","7296","6816","7088","7175","3643"
" splash pads for toddlers 1-3 ","17318","6753","5841","7861","5974"
" square iphone 12 pro max case ","54215","null","57046","57753","52299"
" squishmallow 16 inch ","null","null","null","5941","1880"
" sundress for women 2021 ","null","null","null","7977","2139"
" sunscreen spf 100 ","null","null","15825","15786","13032"
" swimming pools above ground 15x48 ","null","null","13144","12284","7185"
" tablets on sale prime 10 inch ","null","null","null","13123","8309"
" tamil movies 2021 ","1191","1442","1074","1030","925"
" 1tb ssd ","5129","5555","5447","5733","5227"
" teen swimsuits for girls 11-14 ","null","null","14361","10911","10617"
" tempered glass iphone 11 ","53317","52355","null","58381","54039"
" titleist prov1 golf balls ","18473","16438","16684","17031","14613"
" toddler toys age 1-2 ","null","11325","11817","10837","9219"
" tom and jerry movie 2021 ","17011","16639","15444","11316","9390"
" topo chico 12 pack ","null","null","null","53622","53518"
" torque wrench 1/2 drive ","null","null","null","13238","12436"
" toys for 1 year old boy ","2197","2154","2330","2111","1952"
" toys for 1 year old girl ","3186","3338","3190","2714","2530"
" trajes de ba√±o para mujer 2021 ","5713","4179","5867","11474","5989"
" trash bags 13 gallon tall kitchen ","null","null","5835","4524","3367"
" vitamin b12 ","2859","3426","3521","3540","3335"
" vitamin c 1000mg ","null","10101","10568","9163","8551"
" vitamin e 1000 iu softgels ","50377","58395","57659","52885","51741"
" water guns for kids ages 8-12 ","null","null","null","12596","4983"
" water toys for kids ages 8-12 ","null","null","null","16321","12843"
" water toys for toddlers 1-3 ","12981","7464","8105","8605","6878"
" waterproof iphone 12 pro max case ","null","null","null","53537","51962"
" weekly monthly planner 2021-2022 ","null","57031","null","56909","50574"
" windows 10 pro ","17507","16876","15054","16212","15954"
" 11x14 frame ","3861","4347","4683","1592","1038"
" 11x17 frame ","13553","14325","14351","14568","13882"
" xiaomi mi 11 ","8517","9448","8760","12027","10739"
" xiaomi redmi note 10 ","null","null","15797","15094","14952"
